Origin,Destination,Weight (m3)
1,1,7141817877
6,1,351182.3328
9,1,88132.75984
12,1,44528558.74
13,1,1303844101
17,1,10492971.18
18,1,59146.53702
20,1,6152893.373
21,1,4786354.155
22,1,123996757.4
24,1,116121.2439
25,1,58327.32268
27,1,200390.535
28,1,85701948.15
29,1,104952.8244
31,1,58938.69288
34,1,8160306.229
36,1,6884329.723
37,1,5740179.074
39,1,6641281.946
42,1,57776.32937
45,1,66353.75545
47,1,12585008.64
48,1,2399932.393
51,1,317218.601
54,1,1871462.151
2,2,3158184.8
1,4,7834522.078
4,4,6268492882
5,4,15473819.34
6,4,1248760275
8,4,110078958.9
9,4,2397669.166
12,4,55120139.97
13,4,76456454.18
15,4,7238.961565
16,4,22798622.37
17,4,133841519.6
18,4,16005051.44
19,4,85435648.32
20,4,17689335.73
21,4,21521759.74
22,4,2475326.044
23,4,188133.7871
24,4,24285557.68
25,4,80129626.32
26,4,83193440.02
27,4,104585943.8
28,4,15799132.72
29,4,14746948.18
30,4,108480529.1
31,4,40327397.45
32,4,27221152.61
34,4,66890774.8
35,4,10312180.02
36,4,27179991.69
37,4,37254226.05
39,4,64967630.51
40,4,8301770.608
41,4,29320230.76
42,4,39864592.91
45,4,16510624.57
46,4,7786836.353
47,4,59819440.84
48,4,116666459.8
49,4,39867757.89
51,4,33405647.32
53,4,118717977.8
55,4,11704585.67
56,4,119431.1381
1,5,77749060.2
5,5,20451303360
6,5,34544594.41
8,5,30421757.37
10,5,6441001.717
13,5,47951737.02
18,5,20435369.6
19,5,48742533.59
21,5,23790563.24
22,5,6667452892
28,5,7923671.651
29,5,825555451.9
37,5,186672753
38,5,9915451.386
40,5,612252.6903
45,5,11043136.42
47,5,975062093.1
48,5,93035292.19
51,5,10424984
1,6,219120679.5
2,6,7509738.508
4,6,971501352.3
5,6,27612092.96
6,6,30165041929
8,6,332009966.2
9,6,26062337.89
10,6,1103071.083
12,6,362772868.2
13,6,312781916.1
15,6,105741657.5
16,6,208387760.4
17,6,351241826.2
18,6,116205412
19,6,71360839.58
20,6,113049053.3
21,6,24974895.1
22,6,127354510.4
23,6,14697071.71
24,6,395851572.5
25,6,133323367
26,6,400875119.8
27,6,141202604.6
28,6,14877315.1
29,6,110342242.9
30,6,123946490
31,6,14582199.47
32,6,154812096.4
33,6,19285994.39
34,6,295568607.7
35,6,82745990.36
36,6,528990570.4
37,6,86145150.61
38,6,24615952.54
39,6,186540358.9
40,6,61484736.03
41,6,433523898
42,6,397497640.6
44,6,6393554.81
45,6,154520956.1
46,6,62663.15467
47,6,58287040.03
48,6,841404072
49,6,603666041.5
50,6,10085188.29
51,6,43192136.71
53,6,709106651.6
54,6,7845469.824
55,6,133601244
56,6,14570635.93
1,8,357020045.5
4,8,244711978.4
5,8,36259814.11
6,8,4073414322
8,8,94292860629
12,8,70178645.53
13,8,646874846.7
16,8,110450398.3
17,8,274264408.6
18,8,142420009.2
19,8,105992554.2
20,8,2171508564
21,8,133530888.5
22,8,576870158.3
26,8,25851914.08
27,8,1120130519
28,8,110130692.2
29,8,6041923640
30,8,3438116.361
31,8,5111324388
32,8,107906577.9
34,8,70111639.88
35,8,412600589
36,8,112870659
37,8,115547951.3
38,8,1244157457
39,8,435237222.5
40,8,74144449.05
41,8,357518465
42,8,949836405.4
45,8,161471425
47,8,24948049.15
48,8,2511973758
49,8,112994752
51,8,138530478.6
53,8,3107134530
55,8,168268601.5
56,8,291825595.2
5,9,5640.095701
6,9,27630.97177
9,9,580727947.6
12,9,4163.904628
13,9,4179.833011
23,9,38923915.15
24,9,5563.188962
25,9,243700433.1
26,9,4108.557519
27,9,646.0380622
30,9,4504.729125
32,9,3763.174394
33,9,14219432.9
34,9,10350479.08
36,9,160593117.2
37,9,5966.386218
38,9,22380.82648
42,9,691740.0797
44,9,61751002.38
48,9,4136.338335
49,9,16568.89732
50,9,20373352.39
51,9,3321.899184
53,9,4136.070181
9,10,9858531.808
10,10,6636303997
13,10,9013598.453
17,10,20062989.44
18,10,62688334.22
19,10,2220341.308
21,10,1753564.671
24,10,559864691.7
25,10,42801283.53
26,10,49418600.22
27,10,9493115.409
29,10,10139574.9
34,10,56879122.98
36,10,388118389
37,10,70404629.18
39,10,66727280.38
42,10,374679778.3
45,10,9748845.904
51,10,57021808.13
55,10,9076244.116
1,12,7486755.296
2,12,588068.656
4,12,12813132.22
5,12,2326496.331
6,12,15392168.01
8,12,2997361.849
9,12,2762784.334
10,12,1492769.257
12,12,3293797912
13,12,256586676.3
15,12,549840.1343
16,12,264434.5372
17,12,12163312.2
18,12,3046853.553
19,12,10808804
20,12,21290513.4
21,12,5902080.999
22,12,3668302.786
23,12,874171.2692
24,12,13610121.59
25,12,7117030.685
26,12,30677796.43
27,12,2228773.698
28,12,5891803.539
29,12,3936633.11
31,12,635627.7766
32,12,80872.38423
33,12,355466.0804
34,12,19639007.55
35,12,3455042.898
36,12,38297438.41
37,12,10649396.88
38,12,7878.250048
39,12,13318491.03
40,12,4739078.236
41,12,1414269.002
42,12,45772688.01
45,12,5773962.998
46,12,373438.0487
47,12,4384499.215
48,12,27645892.03
49,12,270602.8761
50,12,89120.05783
51,12,3464774.043
53,12,2042638.139
54,12,118739.2229
55,12,57905843.16
56,12,1088188.226
1,13,202532002.5
4,13,5845800.853
5,13,97112440.2
6,13,25845814.09
8,13,1763073.778
9,13,9689386.385
10,13,82923.35466
12,13,307555870.9
13,13,8549905907
16,13,30890.22333
17,13,233047045.3
18,13,9064680.007
19,13,7334420.476
20,13,5841829.064
21,13,284087801.2
22,13,15098815.92
23,13,18128.61679
24,13,8861079.165
25,13,18902414.89
26,13,63718566.73
27,13,8671393.951
28,13,3165681.951
29,13,18709843.83
30,13,35103.99689
31,13,12394106.33
33,13,836052.0741
34,13,17859722.71
36,13,12754665.22
37,13,97128006.54
39,13,15085887.15
40,13,70876.23979
41,13,748682.1472
42,13,4696604.899
44,13,13104.64106
45,13,923468183.9
46,13,4689139.796
47,13,169642882.7
48,13,74030164.19
49,13,53287.26051
51,13,57535736.07
53,13,28134648.92
54,13,110834.3832
55,13,12705326.66
56,13,29096.61367
2,15,3779.039842
4,15,20682.94745
6,15,10333491.04
8,15,145909.7548
9,15,11127.97085
12,15,21864672.16
13,15,81484.25474
15,15,3955655755
16,15,26527.89978
17,15,124007.2989
18,15,41598.51588
19,15,36921.22276
20,15,4644.011509
22,15,9634.50215
23,15,87305.38443
24,15,531.1045147
25,15,127555.8197
26,15,123271.9503
27,15,30342.32323
28,15,524.7985244
29,15,31545.01571
31,15,30119.51157
32,15,155748.8513
34,15,95397.02096
35,15,3691.106311
36,15,2110560.645
37,15,42242.07722
39,15,84518.48706
40,15,109296.1242
41,15,280626.7271
42,15,152496.3616
44,15,3992.04218
45,15,11243.23034
47,15,103257.4378
48,15,642274.2187
49,15,32752.61285
51,15,133948.6925
53,15,234672.1733
54,15,528.3018524
55,15,20755.46634
1,16,84013789.19
4,16,127509832.6
5,16,91040260.23
6,16,846213877.1
8,16,229001654
9,16,12884602.06
10,16,3213431.465
12,16,321671550.3
13,16,372930936.4
16,16,13664145726
17,16,801883842.7
18,16,60330815.8
19,16,46539855.59
20,16,42619313.05
21,16,111322477.7
22,16,36218670.69
23,16,903.9290276
24,16,22867625.7
25,16,76436096.4
26,16,253803438
27,16,392356120
28,16,8130481.18
29,16,42096493.58
30,16,19528796.48
31,16,29937716.93
32,16,103890218.2
33,16,1235998.003
34,16,70091071.3
35,16,92505999.26
36,16,82266336.04
37,16,93419224.36
38,16,150254.8294
39,16,281592187.5
40,16,84975338.35
41,16,606473731.5
42,16,214248908.2
45,16,97022812.18
47,16,180338158.8
48,16,811824872.2
49,16,899685355.4
51,16,50263237.07
53,16,350828053.3
54,16,7394208.543
55,16,274729514.1
56,16,432.7902617
1,17,2576129560
2,17,26330.35989
4,17,1175334.04
5,17,212804214.5
6,17,1222124992
8,17,6561068.384
9,17,6971010.924
10,17,68213.08783
12,17,2029569136
13,17,6416843276
15,17,4510.110746
17,17,116822352652
18,17,8738200799
19,17,746170016.1
20,17,375039641.2
21,17,797231933
22,17,76367064916
23,17,864948.1929
24,17,18498096.79
25,17,32525462.29
26,17,197063444.9
27,17,1040063232
28,17,1224821047
29,17,6199809907
30,17,3009358.022
31,17,21547984.32
33,17,91900.49303
34,17,101620075.3
35,17,5381751.964
36,17,328579281.1
37,17,608735894.7
38,17,3734217.517
39,17,463991231.4
40,17,1281020.032
41,17,841591.1445
42,17,1094444923
45,17,12000714.38
47,17,772596755.7
48,17,2211795355
49,17,4020786.377
51,17,240905087.1
53,17,252836379.9
54,17,29372.86238
55,17,1884678775
1,18,730297454.9
5,18,14295.70922
6,18,51808823.17
8,18,798935746.6
12,18,985393843.9
13,18,15119121417
17,18,3955610049
18,18,31514856762
19,18,38416048.12
20,18,13939965.96
21,18,1719864254
22,18,13076123572
23,18,6196.070545
24,18,791785863.2
25,18,6928.638189
26,18,364695840.7
27,18,6872684.169
29,18,137287631.3
30,18,2366.099236
31,18,8206966.008
34,18,45844304.83
35,18,242792.6818
36,18,103556573.7
37,18,1098558727
38,18,10916.60857
39,18,1513069962
40,18,411.1279617
41,18,255590.0234
42,18,98746449.88
44,18,5976.951293
45,18,2032444447
46,18,11866648.82
47,18,1084443992
48,18,801607.8936
51,18,317924505.9
53,18,6691.736755
54,18,32379207.79
55,18,342025154.1
4,19,2796357926
5,19,25134961.04
6,19,176166.1846
8,19,270246806
12,19,304726.8938
16,19,14981099.1
17,19,2665216378
18,19,314918319.3
19,19,131459722963
20,19,455448422
21,19,38341.5498
22,19,5634888637
24,19,31375.32038
25,19,110118.967
26,19,14603825.22
27,19,4673027666
29,19,676931610.4
30,19,6246.572608
31,19,2152175727
34,19,94843.09907
35,19,927.3254734
36,19,289265.4674
37,19,15832483.24
38,19,144123996.3
39,19,155068.6904
40,19,5910891.608
41,19,110369.3636
42,19,74890.8612
45,19,924.5267043
46,19,77160593.67
47,19,1696.054035
48,19,3871616361
50,19,91285.77033
51,19,77703.62408
53,19,79221.95629
54,19,15816.40357
55,19,197916084.6
1,20,24418212.01
4,20,1972916385
5,20,2324035406
6,20,3243907605
12,20,19802.49603
17,20,23320.85814
18,20,2240827.178
20,20,209273424896
21,20,19569.35406
25,20,857225958.6
27,20,36629.93399
29,20,12098383085
31,20,1888650087
34,20,12968.52205
36,20,171520.0489
37,20,2304923618
40,20,11936882048
41,20,9499.078116
42,20,562344043.7
44,20,201194.0257
48,20,38547542325
51,20,1897.192776
6,21,11887913.42
8,21,4546764.986
9,21,215032319.5
12,21,3911689.352
13,21,334629378.7
17,21,3328957933
18,21,119575676.2
19,21,5062442.484
20,21,1820273.423
21,21,6290584350
22,21,6625984547
23,21,8265923.518
26,21,25005010.87
28,21,13712.06862
29,21,2594958.649
32,21,1284383.984
36,21,7945502.261
37,21,38167518.58
39,21,171543169.4
41,21,24629.70713
42,21,22940746.18
47,21,1830156505
48,21,15678255.84
51,21,157105329.4
54,21,7102806.344
55,21,32310147.03
4,22,5102143.181
5,22,15116761.95
12,22,10712381.49
13,22,22547791.78
22,22,125555983790
28,22,465130081.3
45,22,6460869.011
48,22,9488862.374
5,23,3094.267684
6,23,95969.57657
8,23,26531.41885
9,23,35805.26609
12,23,34491.51562
13,23,34854.74668
17,23,54858.42011
23,23,22217625.87
24,23,88.12333664
25,23,351103.4601
26,23,104264.2551
29,23,7921.241962
33,23,2049209.726
34,23,6472.06665
36,23,130871.6942
39,23,842.5405568
41,23,33359.14925
42,23,88320.04051
45,23,12722.39018
47,23,119.6422401
48,23,9726.335582
49,23,871.8378636
50,23,100231.895
51,23,1113.459649
53,23,2879.536476
54,23,40870.15949
55,23,131.0047817
9,24,16715496.09
10,24,1668649148
21,24,11743.81419
23,24,752549.5603
24,24,4724607145
25,24,34465169.93
34,24,15360982.63
36,24,23117658.8
37,24,3456958.921
42,24,1257895977
44,24,2811203.104
45,24,3734642.107
51,24,333318621
53,24,6910709.219
54,24,2212864.864
6,25,24297860.09
8,25,72134.54445
9,25,1490647941
12,25,20784913.01
13,25,4342.042911
17,25,20815131.8
18,25,8111183.239
23,25,466680708.5
25,25,3348940085
26,25,5568833.941
27,25,426803.3739
29,25,488022.7042
32,25,15938923.86
33,25,216145251.4
34,25,9503404.552
35,25,1162105.015
36,25,91540517.93
37,25,4037897.924
39,25,6988052.218
42,25,73056958.05
44,25,389978407
45,25,4024792.392
48,25,48272779.39
50,25,29187859.8
53,25,4685179.044
55,25,53577016.35
1,26,33964102.96
4,26,65078163.45
5,26,3092316.242
6,26,73345041.45
8,26,10640571.76
10,26,104251573.6
12,26,257310396.4
13,26,88219886.04
17,26,220579587
18,26,781846980.5
19,26,23627460.73
20,26,27324158.01
21,26,29214197.16
22,26,258484779.3
24,26,8447036.588
25,26,5839664.145
26,26,13462360399
27,26,87025742.22
29,26,7238186.297
30,26,10454124.48
32,26,595661.3443
34,26,34480880.16
35,26,24405712.45
36,26,68022790.84
37,26,2460553482
39,26,3814263533
40,26,1243044.152
42,26,163206441.4
45,26,85323315.89
47,26,7107548.051
48,26,410018665.4
51,26,1930665621
54,26,2516355.391
55,26,47683560.14
1,27,180718583.1
4,27,72722556.48
5,27,10185521.56
6,27,3611614300
8,27,30696803.04
9,27,2729163.27
12,27,258565125
13,27,182785205.5
16,27,1253195999
17,27,956022326.8
18,27,260897280.3
19,27,3918662586
20,27,1859004594
21,27,32755691.3
22,27,12968826307
23,27,14917270.99
25,27,11693165.24
26,27,22674108.34
27,27,70904194561
28,27,7822477.438
29,27,375199830.7
30,27,847601.6201
31,27,30150086.99
32,27,56784896.43
34,27,116816453.4
35,27,990555.2547
36,27,291136424.4
37,27,57155896.24
38,27,8652163191
39,27,2320594678
41,27,637947371.4
42,27,524066185.8
44,27,28698547.14
46,27,309012580.9
47,27,187263323.3
48,27,1590921728
49,27,5190033.885
51,27,261164322.6
53,27,20193780395
55,27,679616128.5
1,28,267804322.4
5,28,289568.9417
6,28,97708377.69
9,28,477807.0372
12,28,35478028.39
13,28,2423845857
18,28,2684706.646
19,28,19803.35314
21,28,734809.9916
22,28,993351047.9
25,28,17832466.37
26,28,455940.3819
27,28,85581.2
28,28,4161088685
29,28,19550.94833
31,28,6480.164501
34,28,455875.0258
36,28,26245.36859
37,28,1073622417
39,28,19906546.19
40,28,1974914.747
41,28,35718806.46
42,28,13121.20565
45,28,429534050.1
47,28,245797279.4
48,28,6362376.477
51,28,145053297.6
53,28,1064321.588
4,29,4895097686
5,29,830669876.9
6,29,8442268455
12,29,128248.439
13,29,1113519586
17,29,4743566723
18,29,15485787.1
19,29,58638796.08
20,29,404062626.6
21,29,923097.0044
22,29,12693840546
24,29,8433144.491
25,29,5707450.997
26,29,430790.5776
27,29,93948980.73
28,29,2265563441
29,29,46908317087
31,29,37797367.62
37,29,28351999.47
39,29,7325055.307
40,29,162412440.8
42,29,68744904.96
47,29,72193599.49
48,29,17582884062
51,29,1016200712
55,29,375125.9902
6,30,293031287
16,30,4632010.013
24,30,748589238.7
26,30,14136845.25
27,30,752020278.7
30,30,6933840305
31,30,180143722.9
34,30,25767211.82
36,30,3648722.999
38,30,3412362396
41,30,17066387399
45,30,29175764.13
46,30,17295520.25
48,30,206507007.6
49,30,133135745.6
51,30,28063848.71
53,30,15544866020
55,30,663522.9719
56,30,84769343.03
1,31,223831169.9
6,31,8068410083
8,31,5861265475
17,31,5154997438
19,31,447057829.3
20,31,826297547.1
22,31,3390629338
27,31,125091514.6
29,31,749413368.6
31,31,101588861974
36,31,1385849411
38,31,45867873.31
46,31,143629217.3
47,31,1591222699
48,31,8972759558
53,31,478110021.9
4,32,592129.3728
6,32,14680619.54
8,32,131189.4174
9,32,3442.085092
12,32,3369.252787
16,32,7069.740829
18,32,96539.22059
23,32,6759.74833
25,32,6105.623188
26,32,147814.3773
27,32,813.6734101
32,32,196872001.6
35,32,33050.92078
36,32,21003.01602
37,32,2061.154238
39,32,84765.57498
41,32,80268.9388
42,32,10516.68141
49,32,8306912.244
50,32,151268.146
53,32,1934733.061
55,32,71683.29975
1,34,139186.4547
2,34,47606.6003
4,34,277749.0529
6,34,19866625.06
8,34,1312478.757
9,34,135346186.2
10,34,369644347.9
12,34,19994956
13,34,9672053.081
16,34,206105.9654
17,34,3676579.68
18,34,2706035.044
19,34,1668698.178
20,34,18466.79757
21,34,1647805.911
22,34,198149.9946
24,34,465564314
25,34,206660312.5
26,34,476607.5152
27,34,304914.8622
28,34,158971.8118
29,34,155655.7782
32,34,779551.3798
33,34,14287150.69
34,34,3443078141
35,34,573021.5483
36,34,887364060.9
37,34,1969655.095
38,34,309134.4958
39,34,6986694.606
41,34,306848.2908
42,34,1431382835
44,34,14409035.88
45,34,1466360.371
46,34,35489.61653
47,34,1280308.494
48,34,7119898.84
49,34,56163.10881
50,34,85737.78925
51,34,7950341.6
53,34,4727722.031
55,34,6421469.441
4,35,168839.4095
6,35,472278.9335
8,35,24932528.06
9,35,2008.893381
12,35,4322744.53
13,35,12160.68323
15,35,129112.5602
16,35,4437.689151
17,35,137815.3266
18,35,21287.82828
19,35,2636.126668
20,35,60192.34137
21,35,5394.315445
23,35,60444.10812
24,35,1795862.466
25,35,472456.6769
26,35,161236.7306
27,35,599101.792
29,35,80261.73215
30,35,17862.66507
31,35,3989648.39
32,35,3622434.471
34,35,112685.708
35,35,645900523.1
36,35,111457.8811
37,35,79108.80203
38,35,27852.87002
40,35,64250.08764
41,35,160670.5284
42,35,49964.56294
45,35,13675.21416
47,35,35468.97787
48,35,151835954.9
49,35,4448.60705
50,35,3364178.234
51,35,33153.40071
53,35,104154.3527
55,35,88551.58354
56,35,26990.57437
1,36,991693.127
2,36,620.3096998
4,36,6482.244968
5,36,1006248.864
6,36,35946029.52
8,36,1037344.662
9,36,87531297.03
10,36,55005164.82
12,36,59837113.15
13,36,53514659.75
15,36,52268.47821
16,36,19050.84503
17,36,34553205.12
18,36,38818753.32
19,36,593901.5905
20,36,4242.177164
21,36,1304087.643
22,36,1676.608831
23,36,18493269.79
24,36,26091252.04
25,36,567022428.5
26,36,5836911.253
27,36,1719675.293
28,36,309.495129
29,36,1030719.057
30,36,3768.153392
31,36,3669.080531
32,36,5760.28089
33,36,29057.26141
34,36,1020977892
35,36,113029.2848
36,36,14340834657
37,36,2710449.171
38,36,117839.2234
39,36,6570892.461
40,36,236850.6848
41,36,458550.45
42,36,407070481.6
44,36,880366.553
45,36,981363.2753
46,36,1292.76603
47,36,3979968.416
48,36,28985519.69
49,36,29731.43875
50,36,81913465.42
51,36,652742941.5
53,36,3422931.798
54,36,7815.512121
55,36,335036.7093
56,36,2993.239545
1,37,45818617.01
4,37,649527.9726
5,37,76026.51306
6,37,11358355.44
8,37,376121.6859
9,37,74929142.36
10,37,1727527.421
12,37,47596891.79
13,37,850547812.7
16,37,818641.5471
17,37,22437309.62
18,37,690095.8157
19,37,1214603.659
21,37,2881828.278
22,37,4390.597852
23,37,936713.6392
24,37,109100036.5
25,37,22003637.95
26,37,2924066.017
27,37,4342001.623
28,37,24263.14242
29,37,324521.7617
31,37,496325.8519
34,37,51643015.91
35,37,70224570.38
36,37,103753350.8
37,37,18722322305
39,37,72081048.74
40,37,5967293.953
41,37,722258.8684
42,37,149461523.7
44,37,735015.2357
45,37,205393071.6
47,37,8741303.181
48,37,19487268.42
51,37,1361674957
53,37,693986.043
54,37,423086.4868
55,37,1897230.268
56,37,718399.4714
4,38,202953430
5,38,116185611.3
6,38,625437718.1
8,38,31879047.89
12,38,57801860.42
13,38,7567111.467
16,38,67910852.59
17,38,3632736881
18,38,72346909.36
19,38,2573724350
20,38,116198348.2
21,38,13029373.9
22,38,334326347.8
26,38,79047818.13
27,38,15903502761
28,38,16370845.59
29,38,1391608066
30,38,4934816.563
31,38,1328974415
34,38,759362946.3
35,38,457014426.8
36,38,152364720.1
37,38,1734748115
38,38,46238584814
39,38,45864173.96
40,38,102372410.5
41,38,6778575148
42,38,373910792.5
45,38,66144648.93
46,38,5101934855
47,38,126015535.8
48,38,1272050613
49,38,2876005.199
51,38,416168787
53,38,26723286259
55,38,3109945821
1,39,330937.2969
4,39,124788.8183
5,39,1483826.192
6,39,7692900.897
8,39,6606911.932
9,39,317318.6246
10,39,72900.17416
12,39,1086996.607
13,39,67462187.9
15,39,24338.02487
17,39,38900779.14
18,39,9947415163
19,39,769617.8301
20,39,913887.9927
21,39,42545585.37
22,39,3159614876
23,39,118231.9745
24,39,375830.4737
25,39,313486.2719
26,39,98204850.58
27,39,148933.2901
28,39,48399.54522
29,39,406941585.1
31,39,507105.894
32,39,334275.24
33,39,5016911.691
34,39,1372018.921
35,39,300486.9698
36,39,51767921.05
37,39,3844705311
38,39,15659804
39,39,44769341899
40,39,179268.5524
41,39,4750840.899
42,39,1646256419
44,39,160166.456
45,39,2980317157
46,39,53837.66149
47,39,40224587.7
48,39,13218368.92
49,39,108192.3379
50,39,14610.88691
51,39,2741547643
53,39,741733.2709
54,39,95334089.26
55,39,1346942.29
56,39,89775.1965
1,40,2095579.695
5,40,20258340.89
20,40,3122559021
22,40,26930224661
29,40,17397506.36
31,40,2612682981
35,40,9179053.145
40,40,36712891172
48,40,3617801405
1,41,17498266.78
2,41,41680.70992
4,41,93572353.96
5,41,865696.6385
6,41,167170949.7
8,41,3334454.5
9,41,38312984.28
10,41,37528.55923
12,41,12991283.72
13,41,45890041.94
15,41,755652.0688
16,41,5919831.454
17,41,18652861.55
18,41,55653640.3
19,41,39381034.24
20,41,2612450.491
21,41,14307268.99
22,41,15750033.12
23,41,12912.01534
24,41,21568614.57
25,41,13581800.83
26,41,48476052.67
27,41,2049990.982
28,41,58002941.08
29,41,107210865.3
30,41,3372786.028
31,41,23284000.76
32,41,12818641.37
33,41,170982.7039
34,41,38321594.34
35,41,682802.4865
36,41,26198628.78
37,41,151457916.3
38,41,19614769.48
39,41,101295626.6
40,41,7655722.586
41,41,3871347782
42,41,60117580.77
44,41,867993.6894
45,41,18546992.36
46,41,206830.902
47,41,40942752.02
48,41,108297443.8
49,41,7772219.834
50,41,192601.9848
51,41,37752865.18
53,41,575542268.4
54,41,6696.587687
55,41,68813464.67
56,41,14430.80616
1,42,4864518.461
4,42,33675.62807
5,42,305941.7346
6,42,42259424.62
8,42,297257.3773
9,42,38539109.88
10,42,19320706.4
12,42,15015801.45
13,42,1886497.412
16,42,270803.2918
17,42,22362859.84
18,42,13834745.22
20,42,2802415.228
21,42,15218810.63
22,42,7841446.556
23,42,1333236.886
24,42,954268285.4
25,42,57896342.95
26,42,61836615.51
27,42,203020.9263
28,42,155519.4413
29,42,9828744.606
32,42,801.6969548
33,42,15939751.55
34,42,406518003.5
36,42,350140947.2
37,42,20966455.08
39,42,108129510.2
41,42,16125.01852
42,42,3901493577
44,42,1833855.153
45,42,355138.089
47,42,52861552.03
48,42,17816483
50,42,4369525.602
51,42,228704941.5
53,42,59177.66958
54,42,35258829.34
55,42,13706728.53
1,45,33672633.65
4,45,12899.37453
5,45,239359.2117
6,45,941089.4298
8,45,1373.844449
9,45,285556.5937
12,45,1202570.562
13,45,141334994.6
16,45,93827.52609
17,45,96036.60295
18,45,388858.8157
19,45,1363.347609
20,45,1360.977355
21,45,1378113.051
22,45,15061.72352
24,45,1326411.262
25,45,176627.1626
26,45,120246.4916
27,45,9475.59885
28,45,23060.87978
29,45,334409.2246
32,45,27815.49672
33,45,158771.6995
35,45,47869.65268
36,45,336352.2687
37,45,600351781.9
39,45,52763646.32
41,45,245327.2859
42,45,630097.7518
44,45,34405.25471
45,45,4121554090
47,45,71024229.73
48,45,3401200.924
49,45,19169.9383
51,45,17731693.93
53,45,6197637.485
54,45,31753.16607
55,45,4112443.084
4,46,434825659.8
6,46,3435114166
8,46,7873550.866
12,46,15881.23666
13,46,79328491.45
16,46,78069594.7
17,46,9890495683
19,46,15137871423
20,46,566952480.5
23,46,6907894.335
24,46,3567.971774
26,46,100302.6458
27,46,11610700972
29,46,673816114.5
30,46,12099566.17
31,46,2745456129
32,46,3547.756637
34,46,56433.9256
36,46,1639.110735
37,46,187073957.5
38,46,3835653085
40,46,1359762.99
42,46,191803390.7
45,46,3116.500369
46,46,68634739654
47,46,1015708896
48,46,2284989136
49,46,73628241.39
53,46,18728152802
55,46,432569297
56,46,16039585.95
1,47,3294371547
2,47,8355.65129
4,47,59383.97794
5,47,18282286.67
6,47,1209232214
8,47,32127.4254
9,47,17768.43323
10,47,7964.803253
12,47,603720183.2
13,47,5421706588
17,47,328749830.1
18,47,38408309.45
19,47,13265.89217
20,47,72280094.17
21,47,724714391.9
22,47,6118377709
23,47,9849343.762
24,47,20318601.82
25,47,3812959.94
26,47,132667650.3
27,47,97112747.38
28,47,1343114251
29,47,68602822.65
31,47,19929223.57
32,47,14808.18419
34,47,43362555.29
35,47,11111.55478
36,47,172536142.3
37,47,581603996.2
38,47,12999881.56
39,47,78440663.01
40,47,33661581.97
41,47,3556461.525
42,47,84400322.94
45,47,336433076.3
46,47,10770.27081
47,47,5912071758
48,47,180903932.9
49,47,246319.655
50,47,3098210.754
51,47,276054792.1
53,47,6810.810264
54,47,23416.18736
55,47,51206975.93
1,48,94577961.87
4,48,180109356.3
5,48,103364130.3
6,48,2602413197
8,48,6434353585
9,48,18593149.14
12,48,272168881.7
13,48,319627531.7
16,48,11812099.9
17,48,1359320722
18,48,95535063.4
19,48,293241.6587
20,48,76405066.48
21,48,326498618.3
22,48,230023524.3
23,48,19245947.55
24,48,72142959.29
25,48,43492242.66
26,48,1114014469
27,48,35157323.36
28,48,140908926.5
29,48,694930088.2
30,48,78833125.87
31,48,125127259.1
32,48,26589848.23
34,48,80748824.08
35,48,741129525.5
36,48,274338577.5
37,48,229308801.9
39,48,85715156.65
40,48,2758428563
41,48,180427691.2
42,48,211786447.3
44,48,12996375.32
45,48,178495151.2
46,48,2223.489397
47,48,468825176.4
48,48,113076692233
49,48,144636316.9
51,48,91949686.16
53,48,72008041.25
55,48,140642062
56,48,6067.789406
1,49,30323.93388
4,49,75444221.64
5,49,136635.2767
6,49,92026170.26
8,49,41506049.37
12,49,119597.05
13,49,121096.2998
15,49,6057.275116
16,49,22299949.44
17,49,790344.033
18,49,49152.74412
19,49,49987.13205
22,49,515791.1318
24,49,5065.11948
25,49,563914.9611
26,49,618973.7197
28,49,99069.44008
30,49,557732.5677
32,49,16043808.7
34,49,7983.022834
35,49,3818497.785
36,49,2150991.021
37,49,29349.58704
39,49,514618.4908
40,49,475297.6883
41,49,2765607.064
42,49,32385.41662
47,49,151609160.2
48,49,920388.9123
49,49,2762761022
50,49,23729.5408
51,49,16011.48094
53,49,9386091.41
55,49,85491.02934
56,49,4520652.527
1,50,160.6702021
4,50,340209.5541
6,50,14323.43489
8,50,2779.265934
9,50,603.7419764
12,50,5889.511941
13,50,438.4284407
17,50,1904.201216
18,50,586.4177261
19,50,10321.96754
21,50,4569.773363
22,50,157.5474924
23,50,13921826.48
24,50,2691.88437
25,50,1975.263227
27,50,72.22963287
28,50,518.0982689
29,50,2740.109869
32,50,425.937602
33,50,32793677.93
34,50,4974.096383
35,50,1521.465624
36,50,29343521.82
37,50,1721.726354
39,50,277.4323906
41,50,1257.637386
42,50,5935.97243
44,50,1378.472674
45,50,159.0409623
47,50,1130.09506
48,50,12716.56995
49,50,675.6457613
50,50,64136403.57
51,50,2255.736865
53,50,4851.496085
55,50,520.9222846
56,50,2060.119469
1,51,192731.6129
4,51,129048.3497
6,51,17986475.89
9,51,55058367.78
10,51,2852006.274
12,51,21126955.53
13,51,97178256.54
17,51,627228500.4
18,51,662532.1857
20,51,988753.8317
21,51,6074250.755
22,51,612185.9442
24,51,6220745063
25,51,36323226.75
27,51,24994436.34
28,51,138135.5368
29,51,12756.35935
34,51,20397207.92
36,51,88799515.32
37,51,1418137501
38,51,80775879.59
39,51,13218254.11
40,51,36508630.77
42,51,724997433.5
45,51,13856828.63
48,51,9779609.706
49,51,2633637.931
51,51,6526396444
54,51,6309254.077
55,51,42995.61859
1,53,63361973.12
2,53,49210436.63
4,53,173904280.3
5,53,163937.5393
6,53,1570263494
8,53,70758383.92
9,53,6481124.851
12,53,788364264.9
13,53,349467337.3
15,53,2218812.588
16,53,445821305.8
17,53,154203324.9
18,53,501493671.6
19,53,9481236.847
20,53,15976020.92
21,53,74397213.79
22,53,22243805.52
23,53,1688041.762
24,53,36855109.63
25,53,271974680.9
26,53,227189383.9
27,53,104520690.7
29,53,71797090.64
30,53,352023313.1
32,53,33575674.42
34,53,232778549.3
35,53,2181999.257
36,53,282819772.9
37,53,113865462.9
38,53,12128774.62
39,53,125070075.2
40,53,36890650.79
41,53,3138516685
42,53,375918301.9
44,53,130704.2966
45,53,18748886.61
46,53,2380859.501
47,53,46576925.4
48,53,415799569.5
49,53,156719130.4
50,53,60843.79343
51,53,33902099.32
53,53,49950421121
54,53,1257997.301
55,53,59331317.79
56,53,31208292.75
39,54,227155.9279
42,54,46338.07748
54,54,8057493.718
1,55,23644338.75
4,55,13947.28264
5,55,45266.12799
6,55,107352947.1
8,55,4754.508546
9,55,28833.70434
10,55,26268.17273
12,55,179247797.7
13,55,149162035.6
16,55,2309.67522
17,55,2974330296
18,55,1810608675
19,55,256804248.7
20,55,43902325.99
21,55,28363406.58
22,55,3290.170861
24,55,46276590.6
25,55,19545622.8
26,55,406627831.8
27,55,472802054.1
28,55,43516762.17
29,55,173638005.1
31,55,45895.39237
32,55,5854568.689
33,55,39175.09758
34,55,37873898.05
35,55,15997.65509
36,55,124992837.3
37,55,105133441.2
38,55,10022506.41
39,55,142902058.1
40,55,848.5591521
41,55,3217.72192
42,55,51826840.77
44,55,20527.99897
45,55,3187065.08
46,55,2337.54596
47,55,183223963.8
48,55,2375719324
49,55,2025336.879
51,55,85005966.26
53,55,12968719.37
54,55,2310.049827
55,55,10863324909
6,56,27320957.61
8,56,17346029.95
9,56,4998.476984
10,56,184.0746305
12,56,855.0962669
13,56,1959351.159
16,56,18189871.68
17,56,22690.52393
18,56,584.0889117
19,56,1631.922145
21,56,57654.0305
25,56,900.5735286
26,56,21677526.59
27,56,180328517.2
29,56,624201.8674
30,56,15403816.45
31,56,4757144.625
34,56,153070.4301
36,56,1538.956722
37,56,2126.448694
38,56,46693471.98
39,56,6669259.14
40,56,247119.7275
41,56,1163.227917
47,56,8009.566697
48,56,339787.6917
49,56,22984.4246
51,56,589.0388177
53,56,8299557.715
55,56,396789118.5
56,56,21377814.42